filename,Ncons,Ntrs,MaxStr,AvgStr,Nsccs,MaxSscc,AvgSscc
/home/friker/examples/From_AProVE_2014/Ackermann.jar-obl-8.smt2,17,5,6,3.4,1,3,3.0
/home/friker/examples/From_AProVE_2014/AckR.jar-obl-8.smt2,29,7,6,4.142857142857143,1,3,3.0
/home/friker/examples/From_AProVE_2014/AG313.jar-obl-8.smt2,11,3,5,3.6666666666666665,1,1,1.0
/home/friker/examples/From_AProVE_2014/Alternate.jar-obl-10.smt2,544,54,23,10.074074074074074,3,14,9.0
/home/friker/examples/From_AProVE_2014/AlternatingGrowReduce2.jar-obl-9.smt2,31,8,5,3.875,2,3,2.0
/home/friker/examples/From_AProVE_2014/AlternatingGrowReduce.jar-obl-9.smt2,31,8,5,3.875,2,3,2.0
/home/friker/examples/From_AProVE_2014/AlternatingGrowReduceRec2.jar-obl-9.smt2,41,9,7,4.555555555555555,2,3,2.0
/home/friker/examples/From_AProVE_2014/AlternatingGrowReduceRec.jar-obl-9.smt2,41,9,7,4.555555555555555,2,3,2.0
/home/friker/examples/From_AProVE_2014/alternDiv_rec.jar-obl-8.smt2,12,4,5,3.0,1,2,2.0
/home/friker/examples/From_AProVE_2014/alternDivWidening_rec.jar-obl-8.smt2,48,7,10,6.857142857142857,1,5,5.0
/home/friker/examples/From_AProVE_2014/alternDivWide_rec.jar-obl-8.smt2,13,5,3,2.6,1,3,3.0
/home/friker/examples/From_AProVE_2014/alternKonv_rec.jar-obl-8.smt2,20,6,6,3.3333333333333335,1,4,4.0
/home/friker/examples/From_AProVE_2014/AppE.jar-obl-9.smt2,41,8,10,5.125,2,2,1.5
/home/friker/examples/From_AProVE_2014/AProVE12-cyclic-Iterate.jar-obl-9.smt2,39,7,10,5.571428571428571,2,2,2.0
/home/friker/examples/From_AProVE_2014/AProVE12-cyclic-Length.jar-obl-9.smt2,20,6,6,3.3333333333333335,2,2,1.5
/home/friker/examples/From_AProVE_2014/AProVE12-cyclic-Visit.jar-obl-9.smt2,22,6,6,3.6666666666666665,2,1,1.0
/home/friker/examples/From_AProVE_2014/AProVEMath.jar-obl-8.smt2,34,7,7,4.857142857142857,1,4,4.0
/home/friker/examples/From_AProVE_2014/AProVEMathRecursive.jar-obl-8.smt2,91,15,11,6.066666666666666,1,7,7.0
/home/friker/examples/From_AProVE_2014/Avg.jar-obl-8.smt2,16,4,6,4.0,1,2,2.0
/home/friker/examples/From_AProVE_2014/BinarySearch.jar-obl-9.smt2,882,40,30,22.05,2,34,17.5
/home/friker/examples/From_AProVE_2014/BinarySearchTree.jar-obl-8.smt2,21,5,6,4.2,1,3,3.0
/home/friker/examples/From_AProVE_2014/Binomial.jar-obl-9.smt2,339,30,20,11.3,2,16,8.5
/home/friker/examples/From_AProVE_2014/BinTreeChanger.jar-obl-10.smt2,162,16,20,10.125,3,4,3.3333333333333335
/home/friker/examples/From_AProVE_2014/BMOG_CAV_12_MarkingGraphVisitor.jar-obl-11.smt2,191,24,12,7.958333333333333,4,4,3.5
/home/friker/examples/From_AProVE_2014/Break.jar-obl-8.smt2,4,3,2,1.3333333333333333,1,1,1.0
/home/friker/examples/From_AProVE_2014/BTree.jar-obl-9.smt2,55,11,8,5.0,2,4,3.0
/home/friker/examples/From_AProVE_2014/BTreeR.jar-obl-9.smt2,92,19,9,4.842105263157895,2,4,3.0
/home/friker/examples/From_AProVE_2014/BubbleSort.jar-obl-8.smt2,30,6,10,5.0,1,4,4.0
/home/friker/examples/From_AProVE_2014/BubbleSortR.jar-obl-10.smt2,191,13,23,14.692307692307692,3,3,2.3333333333333335
/home/friker/examples/From_AProVE_2014/CAppE.jar-obl-9.smt2,13,7,3,1.8571428571428572,2,1,1.0
/home/friker/examples/From_AProVE_2014/Carre.jar-obl-9.smt2,105,11,15,9.545454545454545,2,3,3.0
/home/friker/examples/From_AProVE_2014/Choose.jar-obl-8.smt2,8,4,4,2.0,1,2,2.0
/home/friker/examples/From_AProVE_2014/ChooseLife.jar-obl-8.smt2,8,3,5,2.6666666666666665,1,1,1.0
/home/friker/examples/From_AProVE_2014/ClassAnalysis.jar-obl-8.smt2,16,4,7,4.0,1,1,1.0
/home/friker/examples/From_AProVE_2014/ClassAnalysisRec.jar-obl-8.smt2,22,4,8,5.5,1,1,1.0
/home/friker/examples/From_AProVE_2014/Collatz.jar-obl-8.smt2,27,6,7,4.5,1,4,4.0
/home/friker/examples/From_AProVE_2014/complInterv2_rec.jar-obl-8.smt2,10,4,3,2.5,1,2,2.0
/home/friker/examples/From_AProVE_2014/complInterv3_rec.jar-obl-8.smt2,9,4,3,2.25,1,2,2.0
/home/friker/examples/From_AProVE_2014/complxStruc_rec.jar-obl-8.smt2,66,8,11,8.25,1,6,6.0
/home/friker/examples/From_AProVE_2014/Continue1.jar-obl-8.smt2,8,4,3,2.0,1,2,2.0
/home/friker/examples/From_AProVE_2014/Continue.jar-obl-8.smt2,3,3,1,1.0,1,1,1.0
/home/friker/examples/From_AProVE_2014/Convert.jar-obl-9.smt2,30,9,4,3.3333333333333335,2,3,2.0
/home/friker/examples/From_AProVE_2014/ConvertRec.jar-obl-9.smt2,161,25,14,6.44,2,4,3.0
/home/friker/examples/From_AProVE_2014/convLower_rec.jar-obl-8.smt2,11,5,3,2.2,1,3,3.0
/home/friker/examples/From_AProVE_2014/costa09-example_1.jar-obl-10.smt2,35,7,7,5.0,3,1,1.0
/home/friker/examples/From_AProVE_2014/costa09-example_2.jar-obl-8.smt2,20,4,8,5.0,1,2,2.0
/home/friker/examples/From_AProVE_2014/costa09-example_3.jar-obl-8.smt2,10,3,7,3.3333333333333335,1,1,1.0
/home/friker/examples/From_AProVE_2014/costa09-example_4.jar-obl-8.smt2,12,3,8,4.0,1,1,1.0
/home/friker/examples/From_AProVE_2014/costa09-example_5.jar-obl-8.smt2,3,3,1,1.0,1,1,1.0
/home/friker/examples/From_AProVE_2014/Count.jar-obl-10-2.smt2,366,44,22,8.318181818181818,3,14,7.0
/home/friker/examples/From_AProVE_2014/Count.jar-obl-10.smt2,123,17,13,7.235294117647059,3,6,3.3333333333333335
/home/friker/examples/From_AProVE_2014/CountMetaList.jar-obl-9.smt2,38,10,8,3.8,2,3,3.0
/home/friker/examples/From_AProVE_2014/CountMetaListRec.jar-obl-9.smt2,53,11,8,4.818181818181818,2,3,3.0
/home/friker/examples/From_AProVE_2014/CountUpRound.jar-obl-8.smt2,35,6,8,5.833333333333333,1,4,4.0
/home/friker/examples/From_AProVE_2014/cousot_rec.jar-obl-8.smt2,28,5,8,5.6,1,3,3.0
/home/friker/examples/From_AProVE_2014/CyclicalListDuplicate.jar-obl-9.smt2,51,9,9,5.666666666666667,2,4,2.5
/home/friker/examples/From_AProVE_2014/CyclicAnalysis.jar-obl-10.smt2,83,11,18,7.545454545454546,3,2,1.6666666666666667
/home/friker/examples/From_AProVE_2014/CyclicAnalysisRec.jar-obl-9.smt2,167,20,17,8.35,2,1,1.0
/home/friker/examples/From_AProVE_2014/CyclicList.jar-obl-9.smt2,45,8,7,5.625,2,2,1.5
/home/friker/examples/From_AProVE_2014/CyclicPair2.jar-obl-8.smt2,8,3,4,2.6666666666666665,1,1,1.0
/home/friker/examples/From_AProVE_2014/Diff.jar-obl-8.smt2,71,9,12,7.888888888888889,1,7,7.0
/home/friker/examples/From_AProVE_2014/Distances.jar-obl-19.smt2,1600,99,28,16.161616161616163,12,26,5.666666666666667
/home/friker/examples/From_AProVE_2014/DivMinus2.jar-obl-8.smt2,48,7,10,6.857142857142857,1,5,5.0
/home/friker/examples/From_AProVE_2014/DivMinus.jar-obl-11.smt2,162,21,13,7.714285714285714,4,8,2.75
/home/friker/examples/From_AProVE_2014/DivMinus.jar-obl-8.smt2,14,3,8,4.666666666666667,1,1,1.0
/home/friker/examples/From_AProVE_2014/DivTernary2.jar-obl-9.smt2,92,11,15,8.363636363636363,2,2,1.5
/home/friker/examples/From_AProVE_2014/DivTernary.jar-obl-10.smt2,532,50,24,10.64,3,32,11.333333333333334
/home/friker/examples/From_AProVE_2014/DivWithoutMinus.jar-obl-8.smt2,25,4,9,6.25,1,2,2.0
/home/friker/examples/From_AProVE_2014/Domino.jar-obl-27.smt2,7184,271,52,26.509225092250922,20,15,3.8
/home/friker/examples/From_AProVE_2014/Double2.jar-obl-8.smt2,4,3,2,1.3333333333333333,1,1,1.0
/home/friker/examples/From_AProVE_2014/Double3.jar-obl-8.smt2,4,3,2,1.3333333333333333,1,1,1.0
/home/friker/examples/From_AProVE_2014/Double.jar-obl-8.smt2,12,4,5,3.0,1,2,2.0
/home/friker/examples/From_AProVE_2014/Duplicate.jar-obl-8.smt2,9,3,4,3.0,1,1,1.0
/home/friker/examples/From_AProVE_2014/DuplicateNodes.jar-obl-9.smt2,124,20,10,6.2,2,5,3.5
/home/friker/examples/From_AProVE_2014/DuplicateTreePath.jar-obl-9.smt2,166,16,17,10.375,2,6,5.0
/home/friker/examples/From_AProVE_2014/DupTreeRec.jar-obl-9.smt2,116,15,19,7.733333333333333,2,5,4.5
/home/friker/examples/From_AProVE_2014/EqUserDefRec.jar-obl-8.smt2,11,3,6,3.6666666666666665,1,1,1.0
/home/friker/examples/From_AProVE_2014/Et1.jar-obl-8.smt2,10,3,6,3.3333333333333335,1,1,1.0
/home/friker/examples/From_AProVE_2014/Et1-rec.jar-obl-8.smt2,26,5,7,5.2,1,1,1.0
/home/friker/examples/From_AProVE_2014/Et2.jar-obl-8.smt2,57,6,15,9.5,1,2,2.0
/home/friker/examples/From_AProVE_2014/Et2-rec.jar-obl-8.smt2,40,6,11,6.666666666666667,1,2,2.0
/home/friker/examples/From_AProVE_2014/Et3.jar-obl-9.smt2,15,5,4,3.0,2,1,1.0
/home/friker/examples/From_AProVE_2014/Et3-rec.jar-obl-8.smt2,22,5,6,4.4,1,1,1.0
/home/friker/examples/From_AProVE_2014/Et4.jar-obl-8.smt2,78,7,19,11.142857142857142,1,2,2.0
/home/friker/examples/From_AProVE_2014/Et4-rec.jar-obl-8.smt2,57,7,14,8.142857142857142,1,2,2.0
/home/friker/examples/From_AProVE_2014/Et5.jar-obl-8.smt2,111,8,23,13.875,1,3,3.0
/home/friker/examples/From_AProVE_2014/Et5-rec.jar-obl-8.smt2,95,8,20,11.875,1,3,3.0
/home/friker/examples/From_AProVE_2014/Et6.jar-obl-8.smt2,110,8,22,13.75,1,3,3.0
/home/friker/examples/From_AProVE_2014/Et6-rec.jar-obl-8.smt2,94,8,20,11.75,1,3,3.0
/home/friker/examples/From_AProVE_2014/EvenOdd.jar-obl-8.smt2,21,6,5,3.5,1,4,4.0
/home/friker/examples/From_AProVE_2014/even_rec.jar-obl-8.smt2,10,3,5,3.3333333333333335,1,1,1.0
/home/friker/examples/From_AProVE_2014/ex01_rec.jar-obl-8.smt2,10,3,5,3.3333333333333335,1,1,1.0
/home/friker/examples/From_AProVE_2014/ex02_rec.jar-obl-8.smt2,11,5,3,2.2,1,3,3.0
/home/friker/examples/From_AProVE_2014/ex03_rec.jar-obl-8.smt2,15,5,4,3.0,1,3,3.0
/home/friker/examples/From_AProVE_2014/ex04_rec.jar-obl-8.smt2,8,3,4,2.6666666666666665,1,1,1.0
/home/friker/examples/From_AProVE_2014/ex05_rec.jar-obl-8.smt2,6,3,3,2.0,1,1,1.0
/home/friker/examples/From_AProVE_2014/ex06_rec.jar-obl-8.smt2,4,3,2,1.3333333333333333,1,1,1.0
/home/friker/examples/From_AProVE_2014/ex07_rec.jar-obl-8.smt2,4,3,2,1.3333333333333333,1,1,1.0
/home/friker/examples/From_AProVE_2014/ex08_rec.jar-obl-8.smt2,39,8,6,4.875,1,6,6.0
/home/friker/examples/From_AProVE_2014/Exc1.jar-obl-8.smt2,7,4,3,1.75,1,2,2.0
/home/friker/examples/From_AProVE_2014/Exc2.jar-obl-8.smt2,9,4,4,2.25,1,2,2.0
/home/friker/examples/From_AProVE_2014/Exc3.jar-obl-8.smt2,8,4,3,2.0,1,2,2.0
/home/friker/examples/From_AProVE_2014/Exc4.jar-obl-8.smt2,9,4,4,2.25,1,2,2.0
/home/friker/examples/From_AProVE_2014/Exc5.jar-obl-8.smt2,8,4,3,2.0,1,2,2.0
/home/friker/examples/From_AProVE_2014/Exc.jar-obl-8.smt2,8,4,3,2.0,1,2,2.0
/home/friker/examples/From_AProVE_2014/Factorial.jar-obl-8.smt2,5,3,3,1.6666666666666667,1,1,1.0
/home/friker/examples/From_AProVE_2014/FactSLR.jar-obl-8.smt2,32,5,9,6.4,1,2,2.0
/home/friker/examples/From_AProVE_2014/FactSum.jar-obl-9.smt2,10,5,3,2.0,2,1,1.0
/home/friker/examples/From_AProVE_2014/FactSumList.jar-obl-8.smt2,37,5,17,7.4,1,3,3.0
/home/friker/examples/From_AProVE_2014/Fibonacci.jar-obl-8.smt2,22,7,5,3.142857142857143,1,4,4.0
/home/friker/examples/From_AProVE_2014/FibSLR.jar-obl-8.smt2,40,6,9,6.666666666666667,1,2,2.0
/home/friker/examples/From_AProVE_2014/Flatten.jar-obl-10.smt2,124,15,13,8.266666666666667,3,6,3.3333333333333335
/home/friker/examples/From_AProVE_2014/FlattenRTA.jar-obl-10.smt2,159,18,12,8.833333333333334,3,6,3.3333333333333335
/home/friker/examples/From_AProVE_2014/FlattenTree.jar-obl-9.smt2,116,14,13,8.285714285714286,2,6,4.0
/home/friker/examples/From_AProVE_2014/FlattenTreeListRec.jar-obl-10.smt2,144,15,16,9.6,3,6,3.3333333333333335
/home/friker/examples/From_AProVE_2014/FlattenTreeRec.jar-obl-9.smt2,102,14,13,7.285714285714286,2,6,4.0
/home/friker/examples/From_AProVE_2014/flip2_rec.jar-obl-8.smt2,24,5,6,4.8,1,3,3.0
/home/friker/examples/From_AProVE_2014/flip_rec.jar-obl-8.smt2,11,3,6,3.6666666666666665,1,1,1.0
/home/friker/examples/From_AProVE_2014/Fractale1.jar-obl-8.smt2,159,9,25,17.666666666666668,1,7,7.0
/home/friker/examples/From_AProVE_2014/GCD2.jar-obl-8.smt2,33,7,7,4.714285714285714,1,5,5.0
/home/friker/examples/From_AProVE_2014/GCD3.jar-obl-8.smt2,20,5,6,4.0,1,3,3.0
/home/friker/examples/From_AProVE_2014/GCD4.jar-obl-8.smt2,20,5,6,4.0,1,3,3.0
/home/friker/examples/From_AProVE_2014/GCD5.jar-obl-8.smt2,17,4,6,4.25,1,2,2.0
/home/friker/examples/From_AProVE_2014/GCD.jar-obl-8.smt2,37,8,7,4.625,1,6,6.0
/home/friker/examples/From_AProVE_2014/Gopher.jar-obl-10.smt2,149,13,18,11.461538461538462,3,4,2.3333333333333335
/home/friker/examples/From_AProVE_2014/Graph.jar-obl-17.smt2,912,75,22,12.16,10,21,6.1
/home/friker/examples/From_AProVE_2014/GrowTreeR.jar-obl-9.smt2,135,15,19,9.0,2,5,4.5
/home/friker/examples/From_AProVE_2014/Hanoi.jar-obl-8.smt2,5,3,3,1.6666666666666667,1,1,1.0
/home/friker/examples/From_AProVE_2014/HanR.jar-obl-8.smt2,21,5,6,4.2,1,2,2.0
/home/friker/examples/From_AProVE_2014/Infix2Postfix.jar-obl-11.smt2,260,21,19,12.380952380952381,4,10,4.0
/home/friker/examples/From_AProVE_2014/Init.jar-obl-8.smt2,3,3,1,1.0,1,1,1.0
/home/friker/examples/From_AProVE_2014/IntListDupRec.jar-obl-9.smt2,65,9,12,7.222222222222222,2,3,2.0
/home/friker/examples/From_AProVE_2014/IntListSumRec.jar-obl-9.smt2,50,7,11,7.142857142857143,2,1,1.0
/home/friker/examples/From_AProVE_2014/IntRTA.jar-obl-8.smt2,20,3,13,6.666666666666667,1,1,1.0
/home/friker/examples/From_AProVE_2014/Iterations.jar-obl-8.smt2,131,11,22,11.909090909090908,1,9,9.0
/home/friker/examples/From_AProVE_2014/juHashMapCreateClear.jar-obl-11.smt2,401,20,45,20.05,4,7,3.25
/home/friker/examples/From_AProVE_2014/juHashMapCreateContainsKey.jar-obl-11.smt2,463,29,45,15.96551724137931,4,7,4.75
/home/friker/examples/From_AProVE_2014/juHashMapCreateContainsValue.jar-obl-11.smt2,526,29,48,18.137931034482758,4,7,4.75
/home/friker/examples/From_AProVE_2014/juHashMapCreateGet.jar-obl-11.smt2,463,29,45,15.96551724137931,4,7,4.75
/home/friker/examples/From_AProVE_2014/juHashMapCreateIsEmpty.jar-obl-10.smt2,379,19,45,19.94736842105263,3,7,4.0
/home/friker/examples/From_AProVE_2014/juHashMapCreateIteratorEntryLoop.jar-obl-12.smt2,538,28,45,19.214285714285715,5,7,3.6
/home/friker/examples/From_AProVE_2014/juHashMapCreateIteratorKeyLoop.jar-obl-12.smt2,538,28,45,19.214285714285715,5,7,3.6
/home/friker/examples/From_AProVE_2014/juHashMapCreateIteratorValueLoop.jar-obl-12.smt2,538,28,45,19.214285714285715,5,7,3.6
/home/friker/examples/From_AProVE_2014/juHashMapCreate.jar-obl-10.smt2,363,17,45,21.352941176470587,3,7,4.0
/home/friker/examples/From_AProVE_2014/juHashMapCreatePut.jar-obl-10.smt2,393,21,45,18.714285714285715,3,7,4.0
/home/friker/examples/From_AProVE_2014/juHashMapCreateRemove.jar-obl-11.smt2,598,29,45,20.620689655172413,4,7,4.75
/home/friker/examples/From_AProVE_2014/juHashMapCreateSize.jar-obl-10.smt2,365,17,45,21.470588235294116,3,7,4.0
/home/friker/examples/From_AProVE_2014/juLinkedListCreateAddAllAt.jar-obl-17.smt2,2360,67,65,35.223880597014926,10,6,3.1
/home/friker/examples/From_AProVE_2014/juLinkedListCreateAddAll.jar-obl-11.smt2,757,30,46,25.233333333333334,4,5,3.25
/home/friker/examples/From_AProVE_2014/juLinkedListCreateAddAt.jar-obl-10.smt2,457,25,43,18.28,3,5,4.0
/home/friker/examples/From_AProVE_2014/juLinkedListCreateAddFirst.jar-obl-8.smt2,151,8,43,18.875,1,2,2.0
/home/friker/examples/From_AProVE_2014/juLinkedListCreateAdd.jar-obl-8.smt2,144,8,43,18.0,1,2,2.0
/home/friker/examples/From_AProVE_2014/juLinkedListCreateAddLast.jar-obl-8.smt2,144,8,43,18.0,1,2,2.0
/home/friker/examples/From_AProVE_2014/juLinkedListCreateClear.jar-obl-9.smt2,162,11,43,14.727272727272727,2,2,1.5
/home/friker/examples/From_AProVE_2014/juLinkedListCreateContainsAll.jar-obl-11.smt2,2958,70,64,42.25714285714286,4,40,12.25
/home/friker/examples/From_AProVE_2014/juLinkedListCreateContains.jar-obl-16.smt2,2271,82,45,27.695121951219512,9,10,6.222222222222222
/home/friker/examples/From_AProVE_2014/juLinkedListCreateDescendingIteratorLoop.jar-obl-13.smt2,662,26,50,25.46153846153846,6,3,1.8333333333333333
/home/friker/examples/From_AProVE_2014/juLinkedListCreateElement.jar-obl-8.smt2,191,10,45,19.1,1,2,2.0
/home/friker/examples/From_AProVE_2014/juLinkedListCreateEquals.jar-obl-13.smt2,2099,55,64,38.163636363636364,6,5,3.8333333333333335
/home/friker/examples/From_AProVE_2014/juLinkedListCreateGetFirst.jar-obl-8.smt2,229,14,45,16.357142857142858,1,2,2.0
/home/friker/examples/From_AProVE_2014/juLinkedListCreateGet.jar-obl-10.smt2,162,13,37,12.461538461538462,3,2,1.6666666666666667
/home/friker/examples/From_AProVE_2014/juLinkedListCreateGetLast.jar-obl-8.smt2,191,10,45,19.1,1,2,2.0
/home/friker/examples/From_AProVE_2014/juLinkedListCreateIndexOf.jar-obl-16.smt2,2271,82,45,27.695121951219512,9,10,6.222222222222222
/home/friker/examples/From_AProVE_2014/juLinkedListCreateIsEmpty.jar-obl-8.smt2,150,8,43,18.75,1,2,2.0
/home/friker/examples/From_AProVE_2014/juLinkedListCreateIteratorLoop.jar-obl-10.smt2,547,20,45,27.35,3,5,2.6666666666666665
/home/friker/examples/From_AProVE_2014/juLinkedListCreate.jar-obl-8.smt2,87,5,34,17.4,1,1,1.0
/home/friker/examples/From_AProVE_2014/juLinkedListCreateLastIndexOf.jar-obl-16.smt2,2191,82,45,26.71951219512195,9,10,6.222222222222222
/home/friker/examples/From_AProVE_2014/juLinkedListCreateListIteratorLoop.jar-obl-10.smt2,547,20,45,27.35,3,5,2.6666666666666665
/home/friker/examples/From_AProVE_2014/juLinkedListCreateOfferFirst.jar-obl-8.smt2,151,8,43,18.875,1,2,2.0
/home/friker/examples/From_AProVE_2014/juLinkedListCreateOffer.jar-obl-8.smt2,144,8,43,18.0,1,2,2.0
/home/friker/examples/From_AProVE_2014/juLinkedListCreateOfferLast.jar-obl-8.smt2,144,8,43,18.0,1,2,2.0
/home/friker/examples/From_AProVE_2014/juLinkedListCreatePeekFirst.jar-obl-8.smt2,191,10,45,19.1,1,2,2.0
/home/friker/examples/From_AProVE_2014/juLinkedListCreatePeek.jar-obl-8.smt2,191,10,45,19.1,1,2,2.0
/home/friker/examples/From_AProVE_2014/juLinkedListCreatePeekLast.jar-obl-8.smt2,191,10,45,19.1,1,2,2.0
/home/friker/examples/From_AProVE_2014/juLinkedListCreatePollFirst.jar-obl-8.smt2,261,14,45,18.642857142857142,1,2,2.0
/home/friker/examples/From_AProVE_2014/juLinkedListCreatePoll.jar-obl-8.smt2,261,14,45,18.642857142857142,1,2,2.0
/home/friker/examples/From_AProVE_2014/juLinkedListCreatePollLast.jar-obl-8.smt2,486,18,48,27.0,1,2,2.0
/home/friker/examples/From_AProVE_2014/juLinkedListCreatePop.jar-obl-8.smt2,255,14,45,18.214285714285715,1,2,2.0
/home/friker/examples/From_AProVE_2014/juLinkedListCreatePush.jar-obl-8.smt2,151,8,43,18.875,1,2,2.0
/home/friker/examples/From_AProVE_2014/juLinkedListCreateRemoveAll.jar-obl-11.smt2,4348,104,71,41.80769230769231,4,74,20.75
/home/friker/examples/From_AProVE_2014/juLinkedListCreateRemoveAt.jar-obl-10.smt2,835,34,45,24.558823529411764,3,5,4.0
/home/friker/examples/From_AProVE_2014/juLinkedListCreateRemoveElement.jar-obl-16.smt2,2768,108,45,25.62962962962963,9,10,6.222222222222222
/home/friker/examples/From_AProVE_2014/juLinkedListCreateRemoveFirst.jar-obl-8.smt2,255,14,45,18.214285714285715,1,2,2.0
/home/friker/examples/From_AProVE_2014/juLinkedListCreateRemoveFirstOccurrence.jar-obl-16.smt2,2768,108,45,25.62962962962963,9,10,6.222222222222222
/home/friker/examples/From_AProVE_2014/juLinkedListCreateRemove.jar-obl-10.smt2,829,35,45,23.685714285714287,3,5,3.6666666666666665
/home/friker/examples/From_AProVE_2014/juLinkedListCreateRemoveLast.jar-obl-8.smt2,473,18,48,26.27777777777778,1,2,2.0
/home/friker/examples/From_AProVE_2014/juLinkedListCreateRemoveLastOccurrence.jar-obl-16.smt2,3140,117,46,26.837606837606838,9,10,6.222222222222222
/home/friker/examples/From_AProVE_2014/juLinkedListCreateRemoveRange.jar-obl-14.smt2,1037,39,60,26.58974358974359,7,10,3.2857142857142856
/home/friker/examples/From_AProVE_2014/juLinkedListCreateSet.jar-obl-10.smt2,213,14,45,15.214285714285714,3,2,2.0
/home/friker/examples/From_AProVE_2014/juLinkedListCreateSize.jar-obl-8.smt2,87,5,34,17.4,1,1,1.0
/home/friker/examples/From_AProVE_2014/juLinkedListCreateSubList.jar-obl-8.smt2,151,8,43,18.875,1,2,2.0
/home/friker/examples/From_AProVE_2014/juLinkedListCreateToArray.jar-obl-9.smt2,202,11,37,18.363636363636363,2,2,1.5
/home/friker/examples/From_AProVE_2014/Kernel68.jar-obl-9.smt2,322,18,33,17.88888888888889,2,12,6.5
/home/friker/examples/From_AProVE_2014/Kernel88.jar-obl-9.smt2,135,10,32,13.5,2,4,2.5
/home/friker/examples/From_AProVE_2014/Kernel93.jar-obl-9.smt2,98,15,10,6.533333333333333,2,8,4.5
/home/friker/examples/From_AProVE_2014/Kernel95.jar-obl-9.smt2,110,12,17,9.166666666666666,2,6,3.5
/home/friker/examples/From_AProVE_2014/KnapsackDP.jar-obl-11.smt2,259,26,17,9.961538461538462,4,12,5.25
/home/friker/examples/From_AProVE_2014/LessLeaves.jar-obl-10.smt2,209,29,13,7.206896551724138,3,6,3.6666666666666665
/home/friker/examples/From_AProVE_2014/LessLeavesRec.jar-obl-10.smt2,586,53,24,11.056603773584905,3,14,8.333333333333334
/home/friker/examples/From_AProVE_2014/LeUserDefRec.jar-obl-8.smt2,11,3,6,3.6666666666666665,1,1,1.0
/home/friker/examples/From_AProVE_2014/LinkedList.jar-obl-10.smt2,31,7,12,4.428571428571429,3,1,1.0
/home/friker/examples/From_AProVE_2014/ListContentArbitrary.jar-obl-10.smt2,29,9,5,3.2222222222222223,3,1,1.0
/home/friker/examples/From_AProVE_2014/ListContent.jar-obl-9.smt2,18,6,4,3.0,2,1,1.0
/home/friker/examples/From_AProVE_2014/ListContentTail.jar-obl-10.smt2,79,13,10,6.076923076923077,3,5,2.3333333333333335
/home/friker/examples/From_AProVE_2014/ListDuplicate.jar-obl-9.smt2,45,8,10,5.625,2,2,1.5
/home/friker/examples/From_AProVE_2014/ListInt.jar-obl-12.smt2,230,31,14,7.419354838709677,5,2,1.2
/home/friker/examples/From_AProVE_2014/List.jar-obl-12.smt2,84,16,14,5.25,5,1,1.0
/home/friker/examples/From_AProVE_2014/ListReverseAcyclicList.jar-obl-9.smt2,19,5,6,3.8,2,1,1.0
/home/friker/examples/From_AProVE_2014/ListReverseCyclicList.jar-obl-10.smt2,109,13,14,8.384615384615385,3,3,1.6666666666666667
/home/friker/examples/From_AProVE_2014/ListReversePanhandleList.jar-obl-11.smt2,124,16,14,7.75,4,3,1.5
/home/friker/examples/From_AProVE_2014/LogAG.jar-obl-8.smt2,13,5,3,2.6,1,3,3.0
/home/friker/examples/From_AProVE_2014/LogBuiltIn.jar-obl-8.smt2,12,4,4,3.0,1,2,2.0
/home/friker/examples/From_AProVE_2014/LogIterative.jar-obl-8.smt2,21,4,8,5.25,1,2,2.0
/home/friker/examples/From_AProVE_2014/Log.jar-obl-8.smt2,13,5,3,2.6,1,3,3.0
/home/friker/examples/From_AProVE_2014/LogMult.jar-obl-8.smt2,10,3,5,3.3333333333333335,1,1,1.0
/home/friker/examples/From_AProVE_2014/LogRecursive.jar-obl-8.smt2,62,10,10,6.2,1,2,2.0
/home/friker/examples/From_AProVE_2014/Loop1.jar-obl-8.smt2,15,3,8,5.0,1,1,1.0
/home/friker/examples/From_AProVE_2014/LoopingNonterm.jar-obl-8.smt2,16,3,9,5.333333333333333,1,1,1.0
/home/friker/examples/From_AProVE_2014/Loop.jar-obl-8.smt2,3,3,1,1.0,1,1,1.0
/home/friker/examples/From_AProVE_2014/MainCopy.jar-obl-10.smt2,133,17,13,7.823529411764706,3,6,3.0
/home/friker/examples/From_AProVE_2014/MainDelete.jar-obl-10.smt2,258,30,17,8.6,3,6,3.0
/home/friker/examples/From_AProVE_2014/MainFind.jar-obl-10.smt2,184,22,13,8.363636363636363,3,6,3.0
/home/friker/examples/From_AProVE_2014/MainGet.jar-obl-10.smt2,169,21,13,8.047619047619047,3,6,2.6666666666666665
/home/friker/examples/From_AProVE_2014/Main.jar-obl-11.smt2,1048,95,15,11.031578947368422,4,68,18.5
/home/friker/examples/From_AProVE_2014/MainMove.jar-obl-11.smt2,388,43,19,9.023255813953488,4,13,5.25
/home/friker/examples/From_AProVE_2014/Matrix.jar-obl-16.smt2,837,60,29,13.95,9,7,4.666666666666667
/home/friker/examples/From_AProVE_2014/McCarthyIterative.jar-obl-8.smt2,13,4,4,3.25,1,2,2.0
/home/friker/examples/From_AProVE_2014/MergeSort.jar-obl-12.smt2,381,25,22,15.24,5,10,3.0
/home/friker/examples/From_AProVE_2014/MinusBuiltIn.jar-obl-8.smt2,9,3,4,3.0,1,1,1.0
/home/friker/examples/From_AProVE_2014/MinusMin.jar-obl-8.smt2,25,5,7,5.0,1,3,3.0
/home/friker/examples/From_AProVE_2014/MinusUserDefined.jar-obl-8.smt2,27,4,10,6.75,1,2,2.0
/home/friker/examples/From_AProVE_2014/MirrorBinTreeRec.jar-obl-9.smt2,346,36,22,9.61111111111111,2,14,10.5
/home/friker/examples/From_AProVE_2014/mirrorInterv_rec.jar-obl-8.smt2,47,8,9,5.875,1,6,6.0
/home/friker/examples/From_AProVE_2014/mirrorIntervSim_rec.jar-obl-8.smt2,14,5,4,2.8,1,3,3.0
/home/friker/examples/From_AProVE_2014/MirrorMultiTreeRec.jar-obl-9.smt2,146,17,19,8.588235294117647,2,5,4.5
/home/friker/examples/From_AProVE_2014/MirrorTree.jar-obl-9.smt2,95,18,9,5.277777777777778,2,5,3.0
/home/friker/examples/From_AProVE_2014/Mod.jar-obl-8.smt2,38,7,8,5.428571428571429,1,5,5.0
/home/friker/examples/From_AProVE_2014/MultiLasso.jar-obl-8.smt2,20,5,6,4.0,1,3,3.0
/home/friker/examples/From_AProVE_2014/MysteriousProgram.jar-obl-12.smt2,298,28,16,10.642857142857142,5,18,4.4
/home/friker/examples/From_AProVE_2014/narrowing_rec.jar-obl-8.smt2,147,23,9,6.391304347826087,1,21,21.0
/home/friker/examples/From_AProVE_2014/narrowKonv_rec.jar-obl-8.smt2,24,6,6,4.0,1,4,4.0
/home/friker/examples/From_AProVE_2014/Nested.jar-obl-8.smt2,12,5,4,2.4,1,3,3.0
/home/friker/examples/From_AProVE_2014/NestedLoop.jar-obl-10.smt2,85,10,11,8.5,3,4,2.0
/home/friker/examples/From_AProVE_2014/Nest.jar-obl-8.smt2,15,6,4,2.5,1,4,4.0
/home/friker/examples/From_AProVE_2014/NO_00.jar-obl-8.smt2,3,3,1,1.0,1,1,1.0
/home/friker/examples/From_AProVE_2014/NO_01.jar-obl-8.smt2,3,3,1,1.0,1,1,1.0
/home/friker/examples/From_AProVE_2014/NO_02.jar-obl-8.smt2,3,3,1,1.0,1,1,1.0
/home/friker/examples/From_AProVE_2014/NO_03.jar-obl-8.smt2,6,4,2,1.5,1,2,2.0
/home/friker/examples/From_AProVE_2014/NO_04.jar-obl-8.smt2,3,3,1,1.0,1,1,1.0
/home/friker/examples/From_AProVE_2014/NO_05.jar-obl-9.smt2,23,8,5,2.875,2,4,2.5
/home/friker/examples/From_AProVE_2014/NO_06.jar-obl-8.smt2,3,3,1,1.0,1,1,1.0
/home/friker/examples/From_AProVE_2014/NO_10.jar-obl-8.smt2,6,3,3,2.0,1,1,1.0
/home/friker/examples/From_AProVE_2014/NO_11.jar-obl-8.smt2,12,4,5,3.0,1,2,2.0
/home/friker/examples/From_AProVE_2014/NO_12.jar-obl-8.smt2,16,4,7,4.0,1,2,2.0
/home/friker/examples/From_AProVE_2014/NO_13.jar-obl-8.smt2,11,4,4,2.75,1,2,2.0
/home/friker/examples/From_AProVE_2014/NO_20.jar-obl-8.smt2,3,3,1,1.0,1,1,1.0
/home/friker/examples/From_AProVE_2014/NO_21.jar-obl-8.smt2,3,3,1,1.0,1,1,1.0
/home/friker/examples/From_AProVE_2014/NO_22.jar-obl-8.smt2,8,4,3,2.0,1,2,2.0
/home/friker/examples/From_AProVE_2014/NO_23.jar-obl-8.smt2,6,4,2,1.5,1,2,2.0
/home/friker/examples/From_AProVE_2014/NO_24.jar-obl-8.smt2,8,3,4,2.6666666666666665,1,1,1.0
/home/friker/examples/From_AProVE_2014/NonPeriodicNonterm2.jar-obl-8.smt2,19,4,7,4.75,1,2,2.0
/home/friker/examples/From_AProVE_2014/Norm.jar-obl-9.smt2,275,42,12,6.5476190476190474,2,14,13.5
/home/friker/examples/From_AProVE_2014/Overflow.jar-obl-8.smt2,6,3,3,2.0,1,1,1.0
/home/friker/examples/From_AProVE_2014/PartitionList.jar-obl-16.smt2,1385,138,18,10.03623188405797,9,12,4.555555555555555
/home/friker/examples/From_AProVE_2014/Parts.jar-obl-9.smt2,118,16,11,7.375,2,6,5.5
/home/friker/examples/From_AProVE_2014/PastaA10.jar-obl-8.smt2,13,4,4,3.25,1,2,2.0
/home/friker/examples/From_AProVE_2014/PastaA1.jar-obl-8.smt2,13,5,4,2.6,1,3,3.0
/home/friker/examples/From_AProVE_2014/PastaA4.jar-obl-8.smt2,9,3,4,3.0,1,1,1.0
/home/friker/examples/From_AProVE_2014/PastaA5.jar-obl-8.smt2,12,3,6,4.0,1,1,1.0
/home/friker/examples/From_AProVE_2014/PastaA6.jar-obl-8.smt2,15,3,8,5.0,1,1,1.0
/home/friker/examples/From_AProVE_2014/PastaA7.jar-obl-8.smt2,12,3,6,4.0,1,1,1.0
/home/friker/examples/From_AProVE_2014/PastaA8.jar-obl-8.smt2,8,3,4,2.6666666666666665,1,1,1.0
/home/friker/examples/From_AProVE_2014/PastaA9.jar-obl-8.smt2,14,3,8,4.666666666666667,1,1,1.0
/home/friker/examples/From_AProVE_2014/PastaB10.jar-obl-8.smt2,25,5,7,5.0,1,3,3.0
/home/friker/examples/From_AProVE_2014/PastaB11.jar-obl-8.smt2,23,5,6,4.6,1,3,3.0
/home/friker/examples/From_AProVE_2014/PastaB12.jar-obl-8.smt2,13,4,4,3.25,1,2,2.0
/home/friker/examples/From_AProVE_2014/PastaB13.jar-obl-8.smt2,42,7,8,6.0,1,5,5.0
/home/friker/examples/From_AProVE_2014/PastaB14.jar-obl-8.smt2,21,5,6,4.2,1,3,3.0
/home/friker/examples/From_AProVE_2014/PastaB15.jar-obl-8.smt2,25,5,7,5.0,1,3,3.0
/home/friker/examples/From_AProVE_2014/PastaB16.jar-obl-8.smt2,15,5,4,3.0,1,3,3.0
/home/friker/examples/From_AProVE_2014/PastaB17.jar-obl-8.smt2,22,5,6,4.4,1,3,3.0
/home/friker/examples/From_AProVE_2014/PastaB18.jar-obl-8.smt2,32,8,7,4.0,1,6,6.0
/home/friker/examples/From_AProVE_2014/PastaB1.jar-obl-8.smt2,9,3,4,3.0,1,1,1.0
/home/friker/examples/From_AProVE_2014/PastaB2.jar-obl-8.smt2,8,3,4,2.6666666666666665,1,1,1.0
/home/friker/examples/From_AProVE_2014/PastaB3.jar-obl-8.smt2,11,3,6,3.6666666666666665,1,1,1.0
/home/friker/examples/From_AProVE_2014/PastaB4.jar-obl-8.smt2,8,3,4,2.6666666666666665,1,1,1.0
/home/friker/examples/From_AProVE_2014/PastaB5.jar-obl-8.smt2,13,4,5,3.25,1,2,2.0
/home/friker/examples/From_AProVE_2014/PastaB6.jar-obl-8.smt2,9,3,4,3.0,1,1,1.0
/home/friker/examples/From_AProVE_2014/PastaB7.jar-obl-8.smt2,12,3,6,4.0,1,1,1.0
/home/friker/examples/From_AProVE_2014/PastaB8.jar-obl-8.smt2,25,6,7,4.166666666666667,1,4,4.0
/home/friker/examples/From_AProVE_2014/PastaC10.jar-obl-8.smt2,17,3,10,5.666666666666667,1,1,1.0
/home/friker/examples/From_AProVE_2014/PastaC11.jar-obl-8.smt2,17,4,6,4.25,1,2,2.0
/home/friker/examples/From_AProVE_2014/PastaC1.jar-obl-8.smt2,15,5,5,3.0,1,3,3.0
/home/friker/examples/From_AProVE_2014/PastaC2.jar-obl-8.smt2,14,5,4,2.8,1,3,3.0
/home/friker/examples/From_AProVE_2014/PastaC3.jar-obl-8.smt2,20,4,7,5.0,1,2,2.0
/home/friker/examples/From_AProVE_2014/PastaC5.jar-obl-8.smt2,17,4,6,4.25,1,2,2.0
/home/friker/examples/From_AProVE_2014/PastaC7.jar-obl-8.smt2,12,3,6,4.0,1,1,1.0
/home/friker/examples/From_AProVE_2014/PastaC9.jar-obl-8.smt2,22,4,8,5.5,1,2,2.0
/home/friker/examples/From_AProVE_2014/PlusSwap.jar-obl-8.smt2,8,3,4,2.6666666666666665,1,1,1.0
/home/friker/examples/From_AProVE_2014/Power.jar-obl-10.smt2,128,19,11,6.7368421052631575,3,9,4.333333333333333
/home/friker/examples/From_AProVE_2014/Queen.jar-obl-10.smt2,91,18,9,5.055555555555555,3,5,4.666666666666667
/home/friker/examples/From_AProVE_2014/QuicksortRec.jar-obl-9.smt2,269,39,11,6.897435897435898,2,20,12.0
/home/friker/examples/From_AProVE_2014/RandomHard.jar-obl-10.smt2,176,17,17,10.352941176470589,3,8,3.6666666666666665
/home/friker/examples/From_AProVE_2014/Recursions.jar-obl-13.smt2,99,13,17,7.615384615384615,6,1,1.0
/home/friker/examples/From_AProVE_2014/RetValRec.jar-obl-8.smt2,36,6,8,6.0,1,1,1.0
/home/friker/examples/From_AProVE_2014/RotateTree.jar-obl-10.smt2,151,14,16,10.785714285714286,3,4,2.6666666666666665
/home/friker/examples/From_AProVE_2014/Round3.jar-obl-8.smt2,24,5,7,4.8,1,2,2.0
/home/friker/examples/From_AProVE_2014/RSA.jar-obl-17.smt2,1508,71,48,21.239436619718308,10,12,3.9
/home/friker/examples/From_AProVE_2014/RunningPointers.jar-obl-9.smt2,22,7,6,3.142857142857143,2,1,1.0
/home/friker/examples/From_AProVE_2014/Samefringe.jar-obl-10.smt2,193,25,13,7.72,3,6,2.6666666666666665
/home/friker/examples/From_AProVE_2014/SearchTreeR.jar-obl-9.smt2,106,9,17,11.777777777777779,2,4,3.0
/home/friker/examples/From_AProVE_2014/Sequence.jar-obl-9.smt2,8,5,2,1.6,2,1,1.0
/home/friker/examples/From_AProVE_2014/SharingAnalysis.jar-obl-9.smt2,24,6,8,4.0,2,2,1.5
/home/friker/examples/From_AProVE_2014/SharingAnalysisRec.jar-obl-9.smt2,62,9,10,6.888888888888889,2,1,1.0
/home/friker/examples/From_AProVE_2014/Sharing.jar-obl-8.smt2,5,3,3,1.6666666666666667,1,1,1.0
/home/friker/examples/From_AProVE_2014/SharingPair.jar-obl-8.smt2,34,5,10,6.8,1,2,2.0
/home/friker/examples/From_AProVE_2014/Shuffle.jar-obl-10.smt2,45,9,8,5.0,3,2,1.3333333333333333
/home/friker/examples/From_AProVE_2014/SortCount.jar-obl-10.smt2,128,11,22,11.636363636363637,3,3,2.0
/home/friker/examples/From_AProVE_2014/StupidArray.jar-obl-8.smt2,15,3,8,5.0,1,1,1.0
/home/friker/examples/From_AProVE_2014/Sudoku.jar-obl-14.smt2,533,47,22,11.340425531914894,7,17,5.285714285714286
/home/friker/examples/From_AProVE_2014/sumGeneric2_rec.jar-obl-8.smt2,15,5,5,3.0,1,2,2.0
/home/friker/examples/From_AProVE_2014/sumGeneric_rec.jar-obl-8.smt2,14,3,7,4.666666666666667,1,1,1.0
/home/friker/examples/From_AProVE_2014/sum_rec.jar-obl-8.smt2,8,4,3,2.0,1,2,2.0
/home/friker/examples/From_AProVE_2014/sunset_rec.jar-obl-8.smt2,16,6,4,2.6666666666666665,1,4,4.0
/home/friker/examples/From_AProVE_2014/Swingers.jar-obl-8.smt2,8,3,5,2.6666666666666665,1,1,1.0
/home/friker/examples/From_AProVE_2014/Take.jar-obl-8.smt2,23,3,14,7.666666666666667,1,1,1.0
/home/friker/examples/From_AProVE_2014/TaylorSeriesIte.jar-obl-13.smt2,382,44,16,8.681818181818182,6,13,4.5
/home/friker/examples/From_AProVE_2014/TaylorSeriesRec.jar-obl-13.smt2,324,40,16,8.1,6,14,4.5
/home/friker/examples/From_AProVE_2014/TermCreateCollect.jar-obl-9.smt2,95,11,15,8.636363636363637,2,3,3.0
/home/friker/examples/From_AProVE_2014/TerminatorRec01.jar-obl-8.smt2,26,6,6,4.333333333333333,1,4,4.0
/home/friker/examples/From_AProVE_2014/TerminatorRec02.jar-obl-8.smt2,7,3,3,2.3333333333333335,1,1,1.0
/home/friker/examples/From_AProVE_2014/TerminatorRec03.jar-obl-8.smt2,8,4,3,2.0,1,2,2.0
/home/friker/examples/From_AProVE_2014/TerminatorRec04.jar-obl-9.smt2,12,5,3,2.4,2,1,1.0
/home/friker/examples/From_AProVE_2014/TermsCreateMatch.jar-obl-9.smt2,198,20,16,9.9,2,7,5.0
/home/friker/examples/From_AProVE_2014/Test10.jar-obl-9.smt2,31,8,7,3.875,2,3,2.0
/home/friker/examples/From_AProVE_2014/Test11.jar-obl-8.smt2,76,7,15,10.857142857142858,1,4,4.0
/home/friker/examples/From_AProVE_2014/Test12.jar-obl-8.smt2,61,6,16,10.166666666666666,1,3,3.0
/home/friker/examples/From_AProVE_2014/Test13Loops.jar-obl-10.smt2,87,9,15,9.666666666666666,3,2,1.6666666666666667
/home/friker/examples/From_AProVE_2014/Test1.jar-obl-8.smt2,51,6,14,8.5,1,3,3.0
/home/friker/examples/From_AProVE_2014/Test2.jar-obl-8.smt2,44,6,14,7.333333333333333,1,3,3.0
/home/friker/examples/From_AProVE_2014/Test3.jar-obl-10.smt2,324,27,22,12.0,3,8,3.3333333333333335
/home/friker/examples/From_AProVE_2014/Test4.jar-obl-10.smt2,915,99,24,9.242424242424242,3,54,18.666666666666668
/home/friker/examples/From_AProVE_2014/Test5.jar-obl-11.smt2,333,34,19,9.794117647058824,4,14,4.25
/home/friker/examples/From_AProVE_2014/Test6.jar-obl-13.smt2,791,87,19,9.091954022988507,6,51,9.333333333333334
/home/friker/examples/From_AProVE_2014/Test7.jar-obl-11.smt2,81,16,9,5.0625,4,3,1.75
/home/friker/examples/From_AProVE_2014/Test8.jar-obl-12.smt2,52,11,9,4.7272727272727275,5,1,1.0
/home/friker/examples/From_AProVE_2014/Test9.jar-obl-20.smt2,158,29,7,5.448275862068965,13,3,1.1538461538461537
/home/friker/examples/From_AProVE_2014/TestJulia6.jar-obl-8.smt2,3,3,1,1.0,1,1,1.0
/home/friker/examples/From_AProVE_2014/TestJulia7.jar-obl-8.smt2,4,3,2,1.3333333333333333,1,1,1.0
/home/friker/examples/From_AProVE_2014/TimesPlusUserDef.jar-obl-9.smt2,47,11,6,4.2727272727272725,2,2,1.5
/home/friker/examples/From_AProVE_2014/TreeLeftmostDepth.jar-obl-9.smt2,107,11,16,9.727272727272727,2,6,3.5
/home/friker/examples/From_AProVE_2014/TreeLeftmostPath.jar-obl-9.smt2,107,11,16,9.727272727272727,2,6,3.5
/home/friker/examples/From_AProVE_2014/TriTas.jar-obl-12.smt2,192,25,19,7.68,5,4,2.8
/home/friker/examples/From_AProVE_2014/trueDiv_rec.jar-obl-8.smt2,9,4,3,2.25,1,2,2.0
/home/friker/examples/From_AProVE_2014/TwoWay.jar-obl-8.smt2,6,3,3,2.0,1,1,1.0
/home/friker/examples/From_AProVE_2014/TypeSwitch.jar-obl-8.smt2,35,5,10,7.0,1,2,2.0
/home/friker/examples/From_AProVE_2014/upAndDownIneq_rec.jar-obl-8.smt2,62,10,9,6.2,1,8,8.0
/home/friker/examples/From_AProVE_2014/upAndDown_rec.jar-obl-8.smt2,32,6,8,5.333333333333333,1,4,4.0
/home/friker/examples/From_AProVE_2014/Velroyen08-alternatingIncr.jar-obl-8.smt2,22,6,5,3.6666666666666665,1,4,4.0
/home/friker/examples/From_AProVE_2014/Velroyen08-alternDiv.jar-obl-8.smt2,9,4,3,2.25,1,2,2.0
/home/friker/examples/From_AProVE_2014/Velroyen08-alternDivWide.jar-obl-8.smt2,21,7,4,3.0,1,5,5.0
/home/friker/examples/From_AProVE_2014/Velroyen08-alternDivWidening.jar-obl-8.smt2,34,8,5,4.25,1,6,6.0
/home/friker/examples/From_AProVE_2014/Velroyen08-alternKonv.jar-obl-8.smt2,16,6,4,2.6666666666666665,1,4,4.0
/home/friker/examples/From_AProVE_2014/Velroyen08-collatz.jar-obl-8.smt2,27,6,7,4.5,1,4,4.0
/home/friker/examples/From_AProVE_2014/Velroyen08-complInterv2.jar-obl-8.smt2,10,4,3,2.5,1,2,2.0
/home/friker/examples/From_AProVE_2014/Velroyen08-complInterv3.jar-obl-8.smt2,9,4,3,2.25,1,2,2.0
/home/friker/examples/From_AProVE_2014/Velroyen08-complInterv.jar-obl-8.smt2,9,3,4,3.0,1,1,1.0
/home/friker/examples/From_AProVE_2014/Velroyen08-complxStruc.jar-obl-8.smt2,38,7,8,5.428571428571429,1,5,5.0
/home/friker/examples/From_AProVE_2014/Velroyen08-convLower.jar-obl-8.smt2,11,5,3,2.2,1,3,3.0
/home/friker/examples/From_AProVE_2014/Velroyen08-cousot.jar-obl-8.smt2,15,4,5,3.75,1,2,2.0
/home/friker/examples/From_AProVE_2014/Velroyen08-even.jar-obl-9.smt2,41,8,9,5.125,2,1,1.0
/home/friker/examples/From_AProVE_2014/Velroyen08-ex01.jar-obl-8.smt2,20,4,9,5.0,1,1,1.0
/home/friker/examples/From_AProVE_2014/Velroyen08-ex02.jar-obl-8.smt2,11,5,3,2.2,1,3,3.0
/home/friker/examples/From_AProVE_2014/Velroyen08-ex03.jar-obl-8.smt2,26,6,9,4.333333333333333,1,3,3.0
/home/friker/examples/From_AProVE_2014/Velroyen08-ex04.jar-obl-8.smt2,13,3,6,4.333333333333333,1,1,1.0
/home/friker/examples/From_AProVE_2014/Velroyen08-ex05.jar-obl-8.smt2,12,3,6,4.0,1,1,1.0
/home/friker/examples/From_AProVE_2014/Velroyen08-ex06.jar-obl-8.smt2,49,10,9,4.9,1,5,5.0
/home/friker/examples/From_AProVE_2014/Velroyen08-ex07.jar-obl-9.smt2,42,9,9,4.666666666666667,2,2,1.5
/home/friker/examples/From_AProVE_2014/Velroyen08-ex08.jar-obl-8.smt2,30,8,5,3.75,1,6,6.0
/home/friker/examples/From_AProVE_2014/Velroyen08-ex09half.jar-obl-8.smt2,32,4,13,8.0,1,2,2.0
/home/friker/examples/From_AProVE_2014/Velroyen08-factorial.jar-obl-8.smt2,33,4,12,8.25,1,2,2.0
/home/friker/examples/From_AProVE_2014/Velroyen08-fib.jar-obl-8.smt2,28,4,10,7.0,1,2,2.0
/home/friker/examples/From_AProVE_2014/Velroyen08-flip2.jar-obl-8.smt2,21,5,6,4.2,1,3,3.0
/home/friker/examples/From_AProVE_2014/Velroyen08-flip.jar-obl-8.smt2,9,3,4,3.0,1,1,1.0
/home/friker/examples/From_AProVE_2014/Velroyen08-gauss.jar-obl-8.smt2,38,7,9,5.428571428571429,1,2,2.0
/home/friker/examples/From_AProVE_2014/Velroyen08-lcm.jar-obl-10.smt2,179,14,18,12.785714285714286,3,2,1.6666666666666667
/home/friker/examples/From_AProVE_2014/Velroyen08-marbie1.jar-obl-8.smt2,6,3,3,2.0,1,1,1.0
/home/friker/examples/From_AProVE_2014/Velroyen08-marbie2.jar-obl-8.smt2,13,3,6,4.333333333333333,1,1,1.0
/home/friker/examples/From_AProVE_2014/Velroyen08-middle.jar-obl-8.smt2,11,4,4,2.75,1,2,2.0
/home/friker/examples/From_AProVE_2014/Velroyen08-mirrorInterv.jar-obl-8.smt2,43,7,8,6.142857142857143,1,5,5.0
/home/friker/examples/From_AProVE_2014/Velroyen08-mirrorIntervSim.jar-obl-8.smt2,13,5,4,2.6,1,3,3.0
/home/friker/examples/From_AProVE_2014/Velroyen08-moduloLower.jar-obl-8.smt2,22,6,6,3.6666666666666665,1,4,4.0
/home/friker/examples/From_AProVE_2014/Velroyen08-moduloUp.jar-obl-8.smt2,11,4,4,2.75,1,2,2.0
/home/friker/examples/From_AProVE_2014/Velroyen08-narrowing.jar-obl-8.smt2,111,19,10,5.842105263157895,1,17,17.0
/home/friker/examples/From_AProVE_2014/Velroyen08-narrowKonv.jar-obl-8.smt2,23,6,5,3.8333333333333335,1,4,4.0
/home/friker/examples/From_AProVE_2014/Velroyen08-plait.jar-obl-8.smt2,113,13,10,8.692307692307692,1,11,11.0
/home/friker/examples/From_AProVE_2014/Velroyen08-sunset.jar-obl-8.smt2,15,6,4,2.5,1,4,4.0
/home/friker/examples/From_AProVE_2014/Velroyen08-trueDiv.jar-obl-8.smt2,8,4,3,2.0,1,2,2.0
/home/friker/examples/From_AProVE_2014/Velroyen08-twoFloatInterv.jar-obl-8.smt2,25,8,4,3.125,1,6,6.0
/home/friker/examples/From_AProVE_2014/Velroyen08-upAndDownIneq.jar-obl-8.smt2,24,6,6,4.0,1,4,4.0
/home/friker/examples/From_AProVE_2014/Velroyen08-upAndDown.jar-obl-8.smt2,24,6,6,4.0,1,4,4.0
/home/friker/examples/From_AProVE_2014/Velroyen08-whileBreak.jar-obl-8.smt2,15,6,3,2.5,1,4,4.0
/home/friker/examples/From_AProVE_2014/Velroyen08-whileDecr.jar-obl-8.smt2,6,3,3,2.0,1,1,1.0
/home/friker/examples/From_AProVE_2014/Velroyen08-whileIncr.jar-obl-8.smt2,6,3,3,2.0,1,1,1.0
/home/friker/examples/From_AProVE_2014/Velroyen08-whileIncrPart.jar-obl-8.smt2,9,4,3,2.25,1,2,2.0
/home/friker/examples/From_AProVE_2014/Velroyen08-whileNested.jar-obl-8.smt2,18,5,6,3.6,1,3,3.0
/home/friker/examples/From_AProVE_2014/Velroyen08-whileNestedOffset.jar-obl-8.smt2,18,5,6,3.6,1,3,3.0
/home/friker/examples/From_AProVE_2014/Velroyen08-whilePart.jar-obl-8.smt2,10,4,3,2.5,1,2,2.0
/home/friker/examples/From_AProVE_2014/Velroyen08-whileSingle.jar-obl-8.smt2,12,5,3,2.4,1,3,3.0
/home/friker/examples/From_AProVE_2014/Velroyen08-whileSum.jar-obl-8.smt2,49,7,9,7.0,1,5,5.0
/home/friker/examples/From_AProVE_2014/Velroyen08-whileTrue.jar-obl-8.smt2,13,3,6,4.333333333333333,1,1,1.0
/home/friker/examples/From_AProVE_2014/Virtual.jar-obl-9.smt2,17,5,6,3.4,2,1,1.0
/home/friker/examples/From_AProVE_2014/whileNestedOffset_rec.jar-obl-9.smt2,14,5,4,2.8,2,1,1.0
/home/friker/examples/From_AProVE_2014/whileNested_rec.jar-obl-9.smt2,12,5,3,2.4,2,1,1.0
/home/friker/examples/From_AProVE_2014/whilePart_rec.jar-obl-8.smt2,10,4,3,2.5,1,2,2.0
/home/friker/examples/From_AProVE_2014/whileSingle_rec.jar-obl-8.smt2,13,5,4,2.6,1,3,3.0
